fetched_at,closed,available,time,label,color,hint,updated_at
2026-10-04T11:24:20+00:00,False,True,25–45 min,🟡 Keltainen,yellow,muutama pöytä vapaana,2026-10-04T11:03:28.304Z
2026-10-04T12:42:08+00:00,False,True,5–20 min,🟢 Vihreä,green,hyvin tilaa,2026-10-04T11:54:18.083Z
2026-10-04T14:01:02+00:00,False,True,25–45 min,🟡 Keltainen,yellow,muutama pöytä vapaana,2026-10-04T13:58:28.484Z
2026-10-04T15:35:30+00:00,False,True,5–20 min,🟢 Vihreä,green,hyvin tilaa,2026-10-04T15:32:20.549Z
2026-10-04T17:00:57+00:00,True,False,Suljettu,Suljettu,,,
2026-10-05T08:01:03+00:00,False,True,5–20 min,🟢 Vihreä,green,hyvin tilaa,2026-10-04T15:32:20.549Z
2026-10-05T17:01:01+00:00,True,False,Suljettu,Suljettu,,,
2026-10-06T08:01:04+00:00,False,True,5–20 min,🟢 Vihreä,green,hyvin tilaa,2026-10-04T15:32:20.549Z
2026-10-06T17:01:29+00:00,True,False,Suljettu,Suljettu,,,
2026-10-07T08:01:06+00:00,False,True,5–20 min,🟢 Vihreä,green,hyvin tilaa,2026-10-04T15:32:20.549Z
2026-10-07T17:01:08+00:00,True,False,Suljettu,Suljettu,,,
2026-10-08T08:01:05+00:00,False,True,5–20 min,🟢 Vihreä,green,hyvin tilaa,2026-10-04T15:32:20.549Z
2026-10-08T17:00:57+00:00,True,False,Suljettu,Suljettu,,,
2026-10-09T08:00:52+00:00,False,True,5–20 min,🟢 Vihreä,green,hyvin tilaa,2026-10-04T15:32:20.549Z
2026-10-09T17:00:53+00:00,True,False,Suljettu,Suljettu,,,
2026-10-10T08:00:51+00:00,False,True,5–20 min,🟢 Vihreä,green,hyvin tilaa,2026-10-04T15:32:20.549Z
2026-10-10T11:05:21+00:00,False,True,25–45 min,🟡 Keltainen,yellow,muutama pöytä vapaana,2026-10-10T11:02:20.168Z
2026-10-10T11:35:24+00:00,False,True,50+ min,🔴 Punainen,red,tupa täynnä,2026-10-10T11:34:15.664Z
2026-10-10T12:25:23+00:00,False,True,5–20 min,🟢 Vihreä,green,hyvin tilaa,2026-10-10T12:21:03.262Z
